n_policy,lat,lon,insured_sum,zone
10000,40.420851100235126,-3.680735198588919,90256,madrid
10001,40.43601622467211,-3.71888347860041,73173,madrid
10002,40.400005718740864,-3.7037818770136908,96816,madrid
10003,40.415116628631594,-3.6763538811799945,45566,madrid
10004,40.40733779454086,-3.6777645196198967,32019,madrid
10005,40.40461692973844,-3.6930779703702727,85434,madrid
10006,40.40931301056888,-3.6766695862916743,34867,madrid
10007,40.41727803635215,-3.6725097004323186,81232,madrid
10008,40.419838373711535,-3.678679650118533,45295,madrid
10009,40.42694083670017,-3.677294227808173,54922,madrid
10010,40.42095972572017,-3.715062829908983,34201,madrid
10011,40.43426097501984,-3.6874347833829506,44595,madrid
10012,40.41022261248658,-3.6848241505923673,36541,madrid
10013,40.44390587181955,-3.6894879593676686,71703,madrid
10014,40.4013693796599,-3.6800192369131985,12071,madrid
10015,40.43352337550892,-3.7182714390064184,33031,madrid
10016,40.42086524011836,-3.681488063272251,52930,madrid
10017,40.42793449142229,-3.6834135699630237,73084,madrid
10018,40.40701934692976,-3.7070150803350823,42084,madrid
10019,40.409905074454244,-3.7071465350588926,86620,madrid
10020,40.44003722843378,-3.6883848341284935,52879,madrid
10021,40.448413078785975,-3.702735126920446,22418,madrid
10022,40.41567120890796,-3.6801705660996356,96083,madrid
10023,40.43461613078347,-3.6976926883998273,61966,madrid
10024,40.4438194576148,-3.6808625292607915,9170,madrid
10025,40.444730333175194,-3.6704764108188077,16905,madrid
10026,40.40425221056849,-3.704987583023305,21026,madrid
10027,40.40195273916164,-3.712849708587095,87908,madrid
10028,40.40849152097823,-3.6749345781825364,17639,madrid
10029,40.44390712517147,-3.692922031055631,57643,madrid
10030,40.40491734169165,-3.6712629814572457,92438,madrid
10031,40.421055381250255,-3.6881697799999054,41390,madrid
10032,40.44789447650753,-3.670304348769476,94395,madrid
10033,40.42665826424865,-3.6926964597928524,56417,madrid
10034,40.43459385569753,-3.693678703304724,17415,madrid
10035,40.4157757815503,-3.7132286048463916,20694,madrid
10036,40.43432504638408,-3.702214741450806,13420,madrid
10037,40.44173128359487,-3.7186890716351817,52930,madrid
10038,40.400914413867206,-3.7119802410240177,20775,madrid
10039,40.43750721574725,-3.682718140364625,31257,madrid
10040,40.449443054445325,-3.7184800155035607,15119,madrid
10041,40.43740828271899,-3.701672845137813,31719,madrid
10042,40.41402219960322,-3.6768826873580975,61334,madrid
10043,40.43946396642258,-3.685366114124632,40560,madrid
10044,40.40516130032888,-3.6854528928966914,95642,madrid
10045,40.4223946763088,-3.7105681599522344,66005,madrid
10046,40.44542977515466,-3.697904785962579,31441,madrid
10047,40.41468070741868,-3.6909211296327853,79216,madrid
10048,40.41438876692932,-3.6705124146168147,28383,madrid
10049,40.406501428605914,-3.7098046887383442,92537,madrid
10050,40.40096834789351,-3.7076133549118824,32226,madrid
10051,40.433941776646996,-3.7068913458113544,76637,madrid
10052,40.4105814058,-3.6824913793351004,37425,madrid
10053,40.41327733296861,-3.6971512336282153,27297,madrid
10054,40.42457865796402,-3.717153528079445,23377,madrid
10055,40.40266812725585,-3.694574187969488,34134,madrid
10056,40.4287058802746,-3.7094019917678165,72420,madrid
10057,40.40733642874529,-3.6800697877619895,54722,madrid
10058,40.429465276845164,-3.7051334309246364,19878,madrid
10059,40.43498791800105,-3.718619699402275,36923,madrid
10060,40.40511672144139,-3.690328377526769,66632,madrid
10061,40.42070279939098,-3.6778079785534405,46856,madrid
10062,40.43472000788639,-3.7009491937968892,88538,madrid
10063,40.42070896347634,-3.6825070844636927,24432,madrid
10064,40.402497672947305,-3.6944429260851437,23092,madrid
10065,40.426794820295775,-3.6929524097518907,8306,madrid
10066,40.43318973226099,-3.6720282839469123,44816,madrid
10067,40.42574445560292,-3.679801955425068,31754,madrid
10068,40.447229737799546,-3.7183838466688215,39204,madrid
10069,40.4293277520251,-3.6845306374384355,35441,madrid
10070,40.4451700957644,-3.6967499259218246,89822,madrid
10071,40.40687373520731,-3.6726225529302448,15309,madrid
10072,40.40696381736254,-3.708928363283826,30510,madrid
10073,40.44036956443548,-3.706646399015782,57406,madrid
10074,40.41988384184928,-3.715926301756137,81326,madrid
10075,40.40826770985585,-3.698569058566811,91131,madrid
10076,40.4463754290198,-3.7145490617990466,12320,madrid
10077,40.417388292987276,-3.688310661969404,4538,madrid
10078,40.43754060515681,-3.679851838131313,41321,madrid
10079,40.436299899267524,-3.685159975193991,38188,madrid
10080,40.44416530456029,-3.6816894309462116,88720,madrid
10081,40.43118361035278,-3.7028772940078243,11321,madrid
10082,40.43754712170137,-3.677707425848616,88494,madrid
10083,40.41744491709889,-3.698561561250028,49121,madrid
10084,40.41349639458825,-3.678799506479384,82021,madrid
10085,40.444794310909806,-3.6886751920687852,67021,madrid
10086,40.42140455949357,-3.712828847566488,83529,madrid
10087,40.448242002357425,-3.7160806550072527,25466,madrid
10088,40.433172074890926,-3.71908336785435,72130,madrid
10089,40.43108478601046,-3.716663750118032,3903,madrid
10090,40.405737298647665,-3.6970708093145785,93459,madrid
10091,40.447474462935354,-3.714332903861621,68301,madrid
10092,40.422495606674,-3.718610832557567,46002,madrid
10093,40.42891948071936,-3.6822569259304765,27842,madrid
10094,40.420406840138064,-3.700257475976968,16843,madrid
10095,40.41185134901215,-3.6826530752196236,24515,madrid
10096,40.445168976028114,-3.6973797586626773,74440,madrid
10097,40.428683974333616,-3.697495662649962,82719,madrid
10098,40.400143516351555,-3.6960963746641085,49848,madrid
10099,40.43085724568104,-3.69629980367189,22830,madrid
10100,40.416332245088604,-3.6798418328942915,42674,madrid
10101,40.42635290511288,-3.699880374007113,23437,madrid
10102,40.44429710496554,-3.674765691982819,12323,madrid
10103,40.41786348800012,-3.7181469476022984,48889,madrid
10104,40.445426757545995,-3.681306282863979,63110,madrid
10105,40.431168005789594,-3.713717930943113,42421,madrid
10106,40.400791062142325,-3.6890743216543957,16386,madrid
10107,40.44647186168719,-3.7194817869332386,80655,madrid
10108,40.43454484587585,-3.6930686358711826,54227,madrid
10109,40.44986614252257,-3.7198491021690203,70439,madrid
10110,40.408617025417264,-3.6724403107254897,11991,madrid
10111,40.406856787481445,-3.674729898314861,96380,madrid
10112,40.44662977315186,-3.6802016529028867,90075,madrid
10113,40.4348409080745,-3.6742362840042606,58531,madrid
10114,40.4033000086361,-3.71272208844208,73369,madrid
10115,40.43777315263012,-3.7121134965064737,44876,madrid
10116,40.43769380942307,-3.7106184163548783,48866,madrid
10117,40.446151226777324,-3.688875204885004,52967,madrid
10118,40.43557623793143,-3.6747095251995847,44547,madrid
10119,40.406213548098606,-3.6705022410820463,55846,madrid
10120,40.40099400669199,-3.6844438770617094,19856,madrid
10121,40.40131054934388,-3.683409979542885,34210,madrid
10122,40.401415324401036,-3.6745353397727873,61661,madrid
10123,40.41231055338015,-3.699956313381444,5700,madrid
10124,40.443001397434145,-3.707507465988748,12044,madrid
10125,40.426941553217084,-3.711328491460644,49191,madrid
10126,40.42764109893429,-3.7140271474833138,8243,madrid
10127,40.442101544617984,-3.6793694705983584,15958,madrid
10128,40.406208665756,-3.712660381329138,71194,madrid
10129,40.41395918395056,-3.706785125863655,84145,madrid
10130,40.42928796357292,-3.6790455410683234,56943,madrid
10131,40.448479787415984,-3.7044706374102896,49561,madrid
10132,40.42805151096279,-3.6708791275353527,15073,madrid
10133,40.400932364468645,-3.706668064892418,59194,madrid
10134,40.440031633634035,-3.6933173327514397,60265,madrid
10135,40.41164871369205,-3.7042766494407076,45239,madrid
10136,40.440355259780944,-3.674461358441308,60118,madrid
10137,40.41939303220321,-3.7016721678074385,42184,madrid
10138,40.44317709272797,-3.6983203836363416,83216,madrid
10139,40.43735608213686,-3.694385365386082,48468,madrid
10140,40.42781201169952,-3.673055676131514,91043,madrid
10141,40.40682276128303,-3.7184525496864427,48945,madrid
10142,40.40299588447561,-3.6841560668184155,69075,madrid
10143,40.40606717278703,-3.675449052285383,25142,madrid
10144,40.402227593927236,-3.718635638824127,69062,madrid
10145,40.405374706455305,-3.6938974376373745,24150,madrid
10146,40.411285466930394,-3.7037005094114988,91719,madrid
10147,40.43564944901914,-3.6770255339567206,55048,madrid
10148,40.42798584910271,-3.692074172453874,56056,madrid
10149,40.40062779900796,-3.685488606591863,39293,madrid
10150,40.40359871398447,-3.6973573250024234,26515,madrid
10151,40.44836381650001,-3.688584548123932,41506,madrid
10152,40.428405023096,-3.705495157415629,11161,madrid
10153,40.41016466173305,-3.7195325711016745,54951,madrid
10154,40.412616287228516,-3.6911622032506455,27835,madrid
10155,40.43719129270376,-3.704427789293377,87525,madrid
10156,40.40977147405547,-3.6941366200749437,50249,madrid
10157,40.429067946363666,-3.6741797073473053,8176,madrid
10158,40.44850099945442,-3.6986762605749304,23123,madrid
10159,40.44234144007451,-3.707630198169881,45118,madrid
10160,40.411992387957376,-3.7014353119360472,70720,madrid
10161,40.42468848571344,-3.673406944168173,55639,madrid
10162,40.43099778591907,-3.6731565809345454,72307,madrid
10163,40.44144904497751,-3.6777835025717143,7913,madrid
10164,40.4078395697323,-3.673989674284717,92051,madrid
10165,40.400928810108866,-3.708604985502434,57005,madrid
10166,40.40350110718596,-3.7156258895223204,13091,madrid
10167,40.42431725554685,-3.708634513185766,69671,madrid
10168,40.43031647308267,-3.7042811691942976,20591,madrid
10169,40.428442571854326,-3.7112617061821846,65848,madrid
10170,40.41586812046611,-3.689645291901377,18769,madrid
10171,40.449430807720624,-3.6993206792499422,24900,madrid
10172,40.42898726096229,-3.6791824244086393,8375,madrid
10173,40.41900705863118,-3.7107434800865486,12921,madrid
10174,40.427547410955896,-3.6849061735121844,57735,madrid
10175,40.43726672154533,-3.707982218757543,12554,madrid
10176,40.43346164467266,-3.6912890455579572,73656,madrid
10177,40.41324597788314,-3.7025506201389606,17682,madrid
10178,40.40331674172142,-3.7171517800258584,50700,madrid
10179,40.41850420989571,-3.7085593164519812,67070,madrid
10180,40.43148587535108,-3.6867948722322605,5115,madrid
10181,40.41050870049574,-3.6951374953319736,43079,madrid
10182,40.437637777686945,-3.694049200796316,68473,madrid
10183,40.403326824067705,-3.711263992494554,36885,madrid
10184,40.41301575492893,-3.6914642074226873,29681,madrid
10185,40.44023772818717,-3.6701623287395893,17804,madrid
10186,40.409671714131164,-3.6791582445604187,98010,madrid
10187,40.431973044044,-3.690281368808451,53200,madrid
10188,40.42623351545619,-3.6712005465834547,78139,madrid
10189,40.44624039851997,-3.674921870766534,49986,madrid
10190,40.41316483852435,-3.6902196033198678,7502,madrid
10191,40.4032980545342,-3.718378683734277,4256,madrid
10192,40.43675329816443,-3.715321145209126,28016,madrid
10193,40.43860890147717,-3.7167314142478887,29028,madrid
10194,40.445390792625176,-3.6974133425654263,1718,madrid
10195,40.44659860345985,-3.701228258341607,53273,madrid
10196,40.40069757864878,-3.6712324982864857,69659,madrid
10197,40.41171810430607,-3.7116008353400196,15451,madrid
10198,40.43083891785008,-3.6713606204033673,9091,madrid
10199,40.44745081603438,-3.681626256556849,85163,madrid
10200,40.44750880596236,-3.678788108018775,24631,madrid
10201,40.42783265940976,-3.6883692091611002,87914,madrid
10202,40.445780317488314,-3.6865633614896636,16638,madrid
10203,40.43207831044732,-3.6961558833239403,21741,madrid
10204,40.41950038570706,-3.7193431821538465,73837,madrid
10205,40.42429953335485,-3.702349695722909,81229,madrid
10206,40.430215524146,-3.6953964099253223,88389,madrid
10207,40.42747739607543,-3.683495439445495,72820,madrid
10208,40.44630907133533,-3.6965685828626946,64708,madrid
10209,40.44593667178168,-3.6971297541955286,34158,madrid
10210,40.41974378064618,-3.71311686295272,41561,madrid
10211,40.44816312642204,-3.7194555633098263,44052,madrid
10212,40.40869778333402,-3.6820860869761503,7661,madrid
10213,40.406316475971984,-3.7040023580961163,51064,madrid
10214,40.40675395790234,-3.6707808274903244,4781,madrid
10215,40.42528310828384,-3.7089882886920424,58140,madrid
10216,40.401076240263706,-3.7030645987259163,91942,madrid
10217,40.44739851056089,-3.6938051932166935,2363,madrid
10218,40.44135577355854,-3.6822554271469734,48717,madrid
10219,40.4007509490371,-3.6968071108049854,22629,madrid
10220,40.40880981277875,-3.713758872844416,24076,madrid
10221,40.41660317871834,-3.7043749310753977,51831,madrid
10222,40.406549842240544,-3.6947740415149504,62714,madrid
10223,40.44047453460633,-3.6863075495991566,32325,madrid
10224,40.41723683263417,-3.6814925021843954,90358,madrid
10225,40.44700537411667,-3.7134832109522824,21544,madrid
10226,40.42910070899735,-3.718854243433881,31661,madrid
10227,40.443941599220594,-3.694045883889401,89151,madrid
10228,40.44223672226961,-3.679500564466879,33545,madrid
10229,40.44526961593544,-3.7193698116485066,47663,madrid
10230,40.42299401329084,-3.686376507767313,33864,madrid
10231,40.42731734080102,-3.6856595886671504,79321,madrid
10232,40.43993017955761,-3.697537662320668,94266,madrid
10233,40.41428594258671,-3.674260565662903,48183,madrid
10234,40.424512676130995,-3.6877819457621506,31701,madrid
10235,40.4299555153823,-3.7197380081174267,32644,madrid
10236,40.40077666377754,-3.695778577724281,88444,madrid
10237,40.42967407040983,-3.67703410969512,34626,madrid
10238,40.42168381744948,-3.678480021498133,59576,madrid
10239,40.44036802644425,-3.687542290144376,40334,madrid
10240,40.41576224015477,-3.6863150788050683,14720,madrid
10241,40.44464443542626,-3.69107502101054,3301,madrid
10242,40.42889286076423,-3.7062940112416576,63342,madrid
10243,40.40920051008137,-3.691973500473197,15009,madrid
10244,40.439396461691274,-3.686413510759129,66429,madrid
10245,40.430601558852246,-3.7023785184891795,69949,madrid
10246,40.402695463603685,-3.6772085816373035,83025,madrid
10247,40.421009684000055,-3.710248125699565,54924,madrid
10248,40.43395344182827,-3.682633959483404,93223,madrid
10249,40.445930088898876,-3.705519862690656,69712,madrid
10250,40.400020101244564,-3.681310035637791,87739,madrid
10251,40.44883795745156,-3.6986131335331964,45548,madrid
10252,40.41882901573729,-3.6796150795443894,70430,madrid
10253,40.44868917691792,-3.7023232568666007,20196,madrid
10254,40.4302358050487,-3.709315338118521,72586,madrid
10255,40.44144229039904,-3.6816357745789117,3682,madrid
10256,40.42873557523541,-3.7045679026184675,80820,madrid
10257,40.431403809915366,-3.6833377466136787,84451,madrid
10258,40.41427881408478,-3.6827763423461133,58087,madrid
10259,40.42934166703281,-3.70893016495459,32695,madrid
10260,40.43750108818514,-3.709294393158968,80911,madrid
10261,40.442915691821455,-3.7100526038286468,1190,madrid
10262,40.43775410942339,-3.712874083111708,30781,madrid
10263,40.43490286242237,-3.7011458700396336,60137,madrid
10264,40.44322397150273,-3.7186686057654192,42907,madrid
10265,40.41613404984184,-3.714453981548288,90756,madrid
10266,40.43353943953938,-3.6862717988118296,54015,madrid
10267,40.42254369682067,-3.6800111731551306,6796,madrid
10268,40.419105137601576,-3.715973523643581,51165,madrid
10269,40.42054056749611,-3.7084148844757103,1092,madrid
10270,40.42007397917348,-3.7096187169098096,15579,madrid
10271,40.415869197297916,-3.6741333218459182,8078,madrid
10272,40.431095968396015,-3.6844342740931757,53810,madrid
10273,40.42151236354106,-3.6923057694474295,93442,madrid
10274,40.44869010389637,-3.704774100603969,12710,madrid
10275,40.43389004457172,-3.6782572976184102,18441,madrid
10276,40.40992849442136,-3.698234702118524,56170,madrid
10277,40.421335050467405,-3.673827189244061,68515,madrid
10278,40.41716731198872,-3.6846974097832033,95265,madrid
10279,40.43988194019793,-3.696098434601736,90824,madrid
10280,40.443999914428176,-3.7136894948125323,6247,madrid
10281,40.44519209779132,-3.6711978224766124,4541,madrid
10282,40.433135990618766,-3.7120083174827956,36788,madrid
10283,40.413510413101484,-3.709869893739017,92006,madrid
10284,40.41261833507523,-3.6984409122419817,52731,madrid
10285,40.44274489713487,-3.699789904711243,92829,madrid
10286,40.42638573231544,-3.7126624259617853,79714,madrid
10287,40.44010805420023,-3.6835340540319437,61424,madrid
10288,40.42862442585958,-3.710562746656141,49041,madrid
10289,40.43665712626438,-3.6878052177844167,90371,madrid
10290,40.4259505813732,-3.682284702471185,69412,madrid
10291,40.4385441955251,-3.709463380395834,48248,madrid
10292,40.428442899535234,-3.6899522875946182,77036,madrid
10293,40.4232854939296,-3.682553581237708,24884,madrid
10294,40.417134445397664,-3.688089064468983,27486,madrid
10295,40.403410467420834,-3.6901436348526677,72869,madrid
10296,40.4188962089664,-3.7052258857172253,32742,madrid
10297,40.40398130388491,-3.6834196764379246,98683,madrid
10298,40.44914085568652,-3.6727345780000022,98121,madrid
10299,40.409080642566536,-3.6987219304869225,56377,madrid
10300,40.44059293488603,-3.6808909091584296,39089,madrid
10301,40.443748082247794,-3.7171929480169044,42856,madrid
10302,40.434420662619296,-3.6782364198755015,60400,madrid
10303,40.42847472063727,-3.7103874991588928,42866,madrid
10304,40.40804857184078,-3.7002451565555012,45643,madrid
10305,40.42334400113817,-3.704995947703732,87261,madrid
10306,40.41725860255776,-3.7159948178096975,93846,madrid
10307,40.4112519978907,-3.674768449853188,24502,madrid
10308,40.42962559343829,-3.7014922911223134,3255,madrid
10309,40.4156134918851,-3.693465128076193,14110,madrid
10310,40.44581527767342,-3.695294186705184,42777,madrid
10311,40.44548177624758,-3.7133919429028532,75604,madrid
10312,40.41285591468911,-3.7096772970555283,60361,madrid
10313,40.405544565037204,-3.716190559548384,97354,madrid
10314,40.40964813660096,-3.6946039150027357,64583,madrid
10315,40.42497920853395,-3.706922522408351,42373,madrid
10316,40.43642928339873,-3.7021469195558607,17546,madrid
10317,40.41040972192044,-3.714596733565138,71582,madrid
10318,40.41240167791886,-3.6806224080173746,99934,madrid
10319,40.44258359374682,-3.71467080616056,49827,madrid
10320,40.42079243591338,-3.6707145588143404,28491,madrid
10321,40.430834253357766,-3.711141941778079,60661,madrid
10322,40.41168330696196,-3.6913797443782674,47970,madrid
10323,40.40509836297129,-3.717757733270546,36724,madrid
10324,40.425792850848424,-3.6806441855172083,11031,madrid
10325,40.42385704935249,-3.7105197026090853,21307,madrid
10326,40.40763358220466,-3.693604801079594,12245,madrid
10327,40.43109031158702,-3.6829961228420465,29858,madrid
10328,40.4272005059407,-3.712503425754137,79252,madrid
10329,40.432706867348536,-3.6924456412906514,22244,madrid
10330,40.407227277006236,-3.7091691395835613,73130,madrid
10331,40.43757639085676,-3.6820401975341426,50567,madrid
10332,40.411102456989994,-3.6838542403221894,4619,madrid
10333,40.4259675912183,-3.711172548286146,44314,madrid
10334,39.460289683847506,-0.3581907136151032,90256,valencia
10335,39.486534010026304,-0.3915526220791031,73173,valencia
10336,39.49017070820797,-0.3763565793954887,96816,valencia
10337,39.45215645181767,-0.3687543800919537,45566,valencia
10338,39.45535937021158,-0.35305155580147646,32019,valencia
10339,39.471754182492944,-0.384683838724882,85434,valencia
10340,39.46104406109304,-0.390943927584221,34867,valencia
10341,39.49403110330829,-0.3562289328386876,81232,valencia
10342,39.48598437688622,-0.3848207101125471,45295,valencia
10343,39.48565036467735,-0.3861173463706255,54922,valencia
10344,39.488492982849635,-0.3924936051820052,34201,valencia
10345,39.466537351308475,-0.377765908887887,44595,valencia
10346,39.461430512591654,-0.38842626370518246,36541,valencia
10347,39.48131719796005,-0.38205692016275344,71703,valencia
10348,39.47072396247627,-0.3833176711612404,12071,valencia
10349,39.49683905361171,-0.368755621510859,33031,valencia
10350,39.48212262094514,-0.37771489014566023,52930,valencia
10351,39.46934501715062,-0.3661028278260471,73084,valencia
10352,39.49275598304021,-0.3849571565494619,42084,valencia
10353,39.469039629185815,-0.383880910196669,86620,valencia
10354,39.458915491388886,-0.35008602349141155,52879,valencia
10355,39.4890829712833,-0.38808630460903937,22418,valencia
10356,39.473610429370794,-0.3618569260603248,96083,valencia
10357,39.462974020220216,-0.36502066584733184,61966,valencia
10358,39.48461996229406,-0.36760796744234436,9170,valencia
10359,39.49902425394994,-0.3939219200374156,16905,valencia
10360,39.462312679448395,-0.39972138413667674,21026,valencia
10361,39.4895121901297,-0.3627223370834274,87908,valencia
10362,39.488116762211206,-0.3958485750553817,17639,valencia
10363,39.45600198960887,-0.3878640439828211,57643,valencia
10364,39.49194512972795,-0.35053861841188627,92438,valencia
10365,39.47308694523783,-0.35169429123069684,41390,valencia
10366,39.456289069127656,-0.3539337625090953,94395,valencia
10367,39.4768171736548,-0.37083677602827203,56417,valencia
10368,39.46482563753973,-0.3771883981647545,17415,valencia
10369,39.45878620966284,-0.3768831198994141,20694,valencia
10370,39.45396190853504,-0.38301304258750635,13420,valencia
10371,39.45994495459148,-0.35163233489174717,52930,valencia
10372,39.471479430952826,-0.35920102257137565,20775,valencia
10373,39.48209058818144,-0.35040373812944936,31257,valencia
10374,39.45436895893949,-0.3849559143308506,15119,valencia
10375,39.48578652938855,-0.37100746373217586,31719,valencia
10376,39.455087240548174,-0.36589660694220993,61334,valencia
10377,39.458779953545445,-0.38081854227284045,40560,valencia
10378,39.48566607810787,-0.37079109999380166,95642,valencia
10379,39.49426318372053,-0.39017413908471144,66005,valencia
10380,39.49915691805215,-0.38430658979487126,31441,valencia
10381,39.48264534753506,-0.39325265839588225,79216,valencia
10382,39.47388681765032,-0.36786106453640033,28383,valencia
10383,39.45438937774425,-0.38329285100944216,92537,valencia
10384,39.47794753973486,-0.3787581882165286,32226,valencia
10385,39.459057511470434,-0.38097168605221043,76637,valencia
10386,39.47572010302356,-0.39736250844680365,37425,valencia
10387,39.48044650744672,-0.35520730746067936,27297,valencia
10388,39.49166062450613,-0.3636262663270021,23377,valencia
10389,39.46618752911281,-0.38379834022311304,34134,valencia
10390,39.499443104665986,-0.3550650340285731,72420,valencia
10391,39.49974751299839,-0.3662188389043508,54722,valencia
10392,39.49130754097199,-0.35041644363753727,19878,valencia
10393,39.48470762727126,-0.3768393519080688,36923,valencia
10394,39.48668348990485,-0.39451960627763927,66632,valencia
10395,39.493763440490234,-0.393920074498327,46856,valencia
10396,39.49757550741729,-0.36267641964381553,88538,valencia
10397,39.49261314632988,-0.37106261477647373,24432,valencia
10398,39.48204693198895,-0.3891595255279522,23092,valencia
10399,39.45367491923572,-0.37262020507513904,8306,valencia
10400,39.481169235714795,-0.3735098060638965,44816,valencia
10401,39.46766069458928,-0.35711118332146063,31754,valencia
10402,39.45823893116122,-0.39734618778436287,39204,valencia
10403,39.49465830932835,-0.3943474323205257,35441,valencia
10404,39.491244524060335,-0.37786994520434875,89822,valencia
10405,39.476331921192646,-0.39302914533719197,15309,valencia
10406,39.47317246280768,-0.3505628778061451,30510,valencia
10407,39.47446506440636,-0.3900873712623787,57406,valencia
10408,39.46303600098597,-0.3690183505273039,81326,valencia
10409,39.47013189615666,-0.3778171507997071,91131,valencia
10410,39.47183349398635,-0.3609162821448678,12320,valencia
10411,39.45075280671242,-0.3973685215749099,4538,valencia
10412,39.49464529415393,-0.383780246799161,41321,valencia
10413,39.451457465892375,-0.37651136919624495,38188,valencia
10414,39.46864464420059,-0.3943183037652259,88720,valencia
10415,39.45479366573464,-0.36794113452848287,11321,valencia
10416,39.459848216017505,-0.373289267166101,88494,valencia
10417,39.49712103061986,-0.35865956948251965,49121,valencia
10418,39.4685635585834,-0.3778857472260535,82021,valencia
10419,39.48645004009107,-0.38524895984539637,67021,valencia
10420,39.45630800543145,-0.38420539276575455,83529,valencia
10421,39.46256414608536,-0.38821749849408904,25466,valencia
10422,39.49406176485606,-0.35335073646100446,72130,valencia
10423,39.49516480752445,-0.3600643688098565,3903,valencia
10424,39.4643817629108,-0.3828270861097914,93459,valencia
10425,39.49835565657561,-0.3775083062406246,68301,valencia
10426,39.48340496678126,-0.3949445000811675,46002,valencia
10427,39.47515033867672,-0.3705310177768233,27842,valencia
10428,39.46890012043243,-0.36355467624345095,16843,valencia
10429,39.466868414714824,-0.38860236025253386,24515,valencia
10430,39.49760053525415,-0.3778992332424806,74440,valencia
10431,39.48466669142946,-0.3662576199477297,82719,valencia
10432,39.476705085003665,-0.3778678243035985,49848,valencia
10433,39.452174484896815,-0.372472727959259,22830,valencia
10434,39.46237754378113,-0.39025753717547257,42674,valencia
10435,39.49715853613336,-0.3602500909485078,23437,valencia
10436,39.47784300831216,-0.39451936667862175,12323,valencia
10437,39.46787591161776,-0.3764642640912088,48889,valencia
10438,39.450472518706896,-0.3854441940776772,63110,valencia
10439,39.46267741336125,-0.39473050679280786,42421,valencia
10440,39.46271133450753,-0.35722285100514223,16386,valencia
10441,39.458534276301705,-0.38999018281039133,80655,valencia
10442,39.46724899798386,-0.3765366108548877,54227,valencia
10443,39.460132452567386,-0.36936205365834196,70439,valencia
10444,39.45314507700905,-0.38651938969921545,11991,valencia
10445,39.454898019794314,-0.3760168181068603,96380,valencia
10446,39.47483637511571,-0.3734765572785479,90075,valencia
10447,39.453483029520626,-0.37775915641805746,58531,valencia
10448,39.496757678167576,-0.3818420673210156,73369,valencia
10449,39.46030488175853,-0.387198929177638,44876,valencia
10450,39.473210617497955,-0.35469133109233164,48866,valencia
10451,39.47073341285533,-0.3745259948871008,52967,valencia
10452,39.46456688592165,-0.3649329028906499,44547,valencia
10453,39.466176425741004,-0.3732992707227489,55846,valencia
10454,39.46057987917081,-0.38569688592058093,19856,valencia
10455,39.46401341438851,-0.37606776360465954,34210,valencia
10456,39.45585525178483,-0.3588393054679505,61661,valencia
10457,39.484462593738876,-0.35620035324834654,5700,valencia
10458,39.48222630946872,-0.3529602294218742,12044,valencia
10459,39.46557647016715,-0.3892041903595204,49191,valencia
10460,39.49401494780788,-0.3827392233817912,8243,valencia
10461,39.46931878625473,-0.3940526029444504,15958,valencia
10462,39.48055446501594,-0.350587237913797,71194,valencia
10463,39.47615846630876,-0.36844942925040464,84145,valencia
10464,39.46625284018051,-0.3647562571397225,56943,valencia
10465,39.49648952115326,-0.37846310223691215,49561,valencia
10466,39.492410070449814,-0.3878224630849933,15073,valencia
10467,39.492056147400994,-0.3806385440747375,59194,valencia
10468,39.497714431827816,-0.3855655824167989,60265,valencia
10469,39.45012412131341,-0.3733797992955435,45239,valencia
10470,39.47460595501153,-0.3591889539603309,60118,valencia
10471,39.49689565595323,-0.35841082085177844,42184,valencia
10472,39.45672133799116,-0.385688989582472,83216,valencia
10473,39.46224970692071,-0.39112089630208985,48468,valencia
10474,39.47525309602886,-0.36384370549043055,91043,valencia
10475,39.4839210754911,-0.3791486739317917,48945,valencia
10476,39.46663799788085,-0.3909024211134791,69075,valencia
10477,39.4653182335795,-0.36978265313520786,25142,valencia
10478,39.48878989556108,-0.39437322658461293,69062,valencia
10479,39.45164269691143,-0.3952241197226687,24150,valencia
10480,39.489289893126085,-0.3993974401019572,91719,valencia
10481,39.471427014073015,-0.3896456674153244,55048,valencia
10482,39.48145047285843,-0.37604958728508364,56056,valencia
10483,39.48527515124534,-0.39188451999913987,39293,valencia
10484,39.45492343147107,-0.3965656222448307,26515,valencia
10485,39.495192308243745,-0.37537442578839714,41506,valencia
10486,39.491115623430886,-0.3548427274326912,11161,valencia
10487,39.46876907186269,-0.3994249552650228,54951,valencia
10488,39.45973971642479,-0.38859609034725273,27835,valencia
10489,39.4531402719028,-0.3549339943896752,87525,valencia
10490,39.46543044630701,-0.3682880612078041,50249,valencia
10491,39.485659598030104,-0.3584763474404307,8176,valencia
10492,39.49065908580899,-0.3545345265726877,23123,valencia
10493,39.46632941506086,-0.3890626597601122,45118,valencia
10494,39.46101449433039,-0.36302326873800933,70720,valencia
10495,39.46636970918233,-0.3869491785398213,55639,valencia
10496,39.49821834181529,-0.35307844868199234,72307,valencia
10497,39.454804535008854,-0.3521425239665193,7913,valencia
10498,39.4581091723822,-0.39198938008375717,92051,valencia
10499,39.48471195594764,-0.35938729584797646,57005,valencia
10500,39.45698817495239,-0.39764351613854826,13091,valencia
10501,39.463331294631494,-0.370029996104742,69671,valencia
10502,39.4901587936229,-0.37590355533794717,20591,valencia
10503,39.46503058919292,-0.370021039414369,65848,valencia
10504,39.47985082744356,-0.36200407033757975,18769,valencia
10505,39.47864061438827,-0.35649871115646015,24900,valencia
10506,39.463272173578936,-0.37484892945277537,8375,valencia
10507,39.462436714444635,-0.39631695014370394,12921,valencia
10508,39.4644837745331,-0.3543118006821496,57735,valencia
10509,39.493797003621204,-0.3969609085747728,12554,valencia
10510,39.45093790733854,-0.36027643617523014,73656,valencia
10511,39.45458182060562,-0.39393806031530526,17682,valencia
10512,39.46706049795772,-0.3548684039810507,50700,valencia
10513,39.461015082755985,-0.3682781026661346,67070,valencia
10514,39.478142869945785,-0.3844912525599992,5115,valencia
10515,39.47697305472872,-0.3567427755560968,43079,valencia
10516,39.47476810014022,-0.3909804712187363,68473,valencia
10517,39.46503765350017,-0.38922158814413155,36885,valencia
10518,39.47557243626691,-0.38370545751239826,29681,valencia
10519,39.48931142583758,-0.3793082474373894,17804,valencia
10520,39.490625279074614,-0.3890664119298471,98010,valencia
10521,39.47664204437479,-0.35401448062460816,53200,valencia
10522,39.490316760720525,-0.37797938744693155,78139,valencia
10523,39.45171377398049,-0.3524087025984835,49986,valencia
10524,39.457703306044976,-0.3873374530127723,7502,valencia
10525,39.48740925138343,-0.3765723666962645,4256,valencia
10526,39.46924349486112,-0.3599199109557928,28016,valencia
10527,39.46589492450977,-0.35053324077167464,29028,valencia
10528,39.47860044064835,-0.377512893001378,1718,valencia
10529,39.46862102575682,-0.3764995205419283,53273,valencia
10530,39.495476495499574,-0.3529665521067642,69659,valencia
10531,39.46934856125115,-0.3783898507360037,15451,valencia
10532,39.49181245977086,-0.3779777606524221,9091,valencia
10533,39.480088186004714,-0.3523425841611987,85163,valencia
10534,39.495600938872116,-0.37515560011906696,24631,valencia
10535,39.47420267871774,-0.39368836758863157,87914,valencia
10536,39.497925703329784,-0.3529271756568425,16638,valencia
10537,39.47883548302265,-0.37492621043599744,21741,valencia
10538,39.451387214899306,-0.3819646853204731,73837,valencia
10539,39.486943542460885,-0.3549651021562671,81229,valencia
10540,39.493070039829114,-0.39914296189108456,88389,valencia
10541,39.45492750047018,-0.3526187516153052,72820,valencia
10542,39.49817215204223,-0.39562467775753274,64708,valencia
10543,39.478171301805084,-0.3962250144618823,34158,valencia
10544,39.48703509554689,-0.3528870353679275,41561,valencia
10545,39.461200065900634,-0.3761016994463833,44052,valencia
10546,39.49705912478437,-0.391014714531545,7661,valencia
10547,39.482166422964795,-0.3508867667798932,51064,valencia
10548,39.47716593189665,-0.38323919537474,4781,valencia
10549,39.49806950985879,-0.3529330327026524,58140,valencia
10550,39.47784843663334,-0.377025440163431,91942,valencia
10551,39.476583419597276,-0.3816033343006837,2363,valencia
10552,39.452238348102654,-0.371333212048111,48717,valencia
10553,39.477319448498214,-0.3544739054397871,22629,valencia
10554,39.487218044466424,-0.35099569084132337,24076,valencia
10555,39.468420161501605,-0.36521365261513555,51831,valencia
10556,39.483966300679064,-0.3815847117940316,62714,valencia
10557,39.4782053905942,-0.35682029096684886,32325,valencia
10558,39.46039875081915,-0.3537840281949385,90358,valencia
10559,39.47734069615608,-0.37285385458280795,21544,valencia
10560,39.473799437043965,-0.3644224597592235,31661,valencia
10561,39.46688598103531,-0.3564250548535211,89151,valencia
10562,39.483131760031746,-0.365775933492373,33545,valencia
10563,39.453057688429666,-0.36747838349848877,47663,valencia
10564,39.46863857128096,-0.3809641414194592,33864,valencia
10565,39.47170546734427,-0.36997952252524147,79321,valencia
10566,39.49869338107286,-0.3878408865283208,94266,valencia
10567,39.48490996772852,-0.39400596764883683,48183,valencia
10568,39.48128943100647,-0.3870733777603394,31701,valencia
10569,39.457797225623054,-0.3776881387400066,32644,valencia
10570,39.47175462131953,-0.3827717999229287,88444,valencia
10571,39.46856175494472,-0.364901132968216,34626,valencia
10572,39.49701987750923,-0.38087361000819486,59576,valencia
10573,39.47264088155911,-0.37475691974558234,40334,valencia
10574,39.492754999346126,-0.38545721104728253,14720,valencia
10575,39.48268059257065,-0.3955486903975744,3301,valencia
10576,39.493964347770856,-0.3641602299070162,63342,valencia
10577,39.45016677223995,-0.38879447859405575,15009,valencia
10578,39.49623941181384,-0.3767279292736318,66429,valencia
10579,39.49756468771399,-0.3703021967881265,69949,valencia
10580,39.45774677583467,-0.36636888040606685,83025,valencia
10581,39.453285533802955,-0.3792628457903105,54924,valencia
10582,39.46586416787456,-0.38604499606780557,93223,valencia
10583,39.47927777249388,-0.35536109003020944,69712,valencia
10584,39.47620656725225,-0.3677862842796221,87739,valencia
10585,39.47175613093726,-0.38759859337904085,45548,valencia
10586,39.49563385762571,-0.3615953133113511,70430,valencia
10587,39.47849883259963,-0.37315954874794954,20196,valencia
10588,39.496706837434715,-0.37901155199280295,72586,valencia
10589,39.47880771770281,-0.39513045503700284,3682,valencia
10590,39.45925900970748,-0.38889192613902734,80820,valencia
10591,39.49910393544433,-0.39472877708641735,84451,valencia
10592,39.499925163020556,-0.3651385302507699,58087,valencia
10593,39.47232340541668,-0.36261845812177884,32695,valencia
10594,39.48812152791513,-0.3782126627003265,80911,valencia
10595,39.48182817090923,-0.3972852755357444,1190,valencia
10596,39.459262198745655,-0.3915031732690454,30781,valencia
10597,39.47896009800341,-0.35275471041257966,60137,valencia
10598,39.482712096731554,-0.35540422111327674,42907,valencia
10599,39.47968701850978,-0.38008699487137954,90756,valencia
10600,39.477073831949674,-0.3929282147959881,54015,valencia
10601,39.47959395342679,-0.37782637313233725,6796,valencia
10602,39.48544955861468,-0.3783238510430555,51165,valencia
10603,39.488548898683064,-0.39902306284142797,1092,valencia
10604,39.45445250981489,-0.3640504187911575,15579,valencia
10605,39.495674774520666,-0.3671281013119263,8078,valencia
10606,39.47248125025289,-0.370670775725398,53810,valencia
10607,39.48483105579056,-0.35965286535487107,93442,valencia
10608,39.469381952458335,-0.3589591175359579,12710,valencia
10609,39.45255285743774,-0.38929265488399556,18441,valencia
10610,39.483182062880964,-0.3964871163248353,56170,valencia
10611,39.468283028207445,-0.3815612079119607,68515,valencia
10612,39.477638998006576,-0.35593526537757386,95265,valencia
10613,39.46332949202787,-0.3612239384129054,90824,valencia
10614,39.4601938040336,-0.3872315348796965,6247,valencia
10615,39.46481024769063,-0.3633274013534493,4541,valencia
10616,39.4920933816296,-0.37166682640513027,36788,valencia
10617,39.4962007595837,-0.3861752685952565,92006,valencia
10618,39.49892917938001,-0.36396763382291797,52731,valencia
10619,39.47071654736831,-0.3858226668170766,92829,valencia
10620,39.48865932847151,-0.3829215173340378,79714,valencia
10621,39.45840265602953,-0.38987877782575003,61424,valencia
10622,39.48721279455782,-0.37210694955918383,49041,valencia
10623,39.47121031592331,-0.3775828179755531,90371,valencia
10624,39.49220460445844,-0.36838445400830183,69412,valencia
10625,39.45985101295299,-0.39947439063527557,48248,valencia
10626,39.49094577706961,-0.3797132866740536,77036,valencia
10627,39.45361626615568,-0.3981224288844406,24884,valencia
10628,39.492305385587606,-0.3847473486017825,27486,valencia
10629,39.47118244682191,-0.39568667806904384,72869,valencia
10630,39.457037067770855,-0.37272302599863005,32742,valencia
10631,39.46529585754484,-0.35397767196992275,98683,valencia
10632,39.48546809667419,-0.3572822657329032,98121,valencia
10633,39.47231424837269,-0.3754371836343654,56377,valencia
10634,39.46166321794113,-0.38279074667001356,39089,valencia
10635,39.46193827475582,-0.399889548002658,42856,valencia
10636,39.48465866265015,-0.36776948259458464,60400,valencia
10637,39.482388473894716,-0.3838986164065109,42866,valencia
10638,39.453196254804006,-0.380449901887878,45643,valencia
10639,39.49062588497112,-0.36889073768771186,87261,valencia
10640,39.45700920915837,-0.3907747867715405,93846,valencia
10641,39.46202821222058,-0.37194341514179236,24502,valencia
10642,39.450695191259236,-0.37751305278454045,3255,valencia
10643,39.47531274176697,-0.38117266324983456,14110,valencia
10644,39.49254660244144,-0.35811130932247737,42777,valencia
10645,39.49648685420696,-0.36344523090904524,75604,valencia
10646,39.47316548872216,-0.3920930252091252,60361,valencia
10647,39.455137463774356,-0.35441859578733925,97354,valencia
10648,39.47371525578774,-0.39990380287668825,64583,valencia
10649,39.464522913553154,-0.3878408761763636,42373,valencia
10650,39.465469864026915,-0.39314646532215825,17546,valencia
10651,39.4621479545052,-0.38293134543117074,71582,valencia
10652,39.49768457744566,-0.39260054239702014,99934,valencia
10653,39.46987051646372,-0.38594132687506527,49827,valencia
10654,39.45017867167326,-0.3799772896970619,28491,valencia
10655,39.47476310812294,-0.3763307021725834,60661,valencia
10656,39.485009887357386,-0.38650755905854106,47970,valencia
10657,39.49076351581174,-0.3966010919486545,36724,valencia
10658,39.487669341467104,-0.3729720518373137,11031,valencia
10659,39.485108113297485,-0.36833076821578586,21307,valencia
10660,39.459904781407474,-0.3672026366628913,12245,valencia
10661,39.46750526887131,-0.39856606238082953,29858,valencia
10662,39.47297360313456,-0.3947068674542249,79252,valencia
10663,39.45684811742434,-0.3665868247670864,22244,valencia
10664,39.4713688734709,-0.3948714979994378,73130,valencia
10665,39.455074407827304,-0.3966704669358569,50567,valencia
10666,39.454362780760306,-0.37741566519232106,4619,valencia
10667,41.37629231319047,2.125692323522055,90256,barcelona
10668,41.39785023194949,2.133458620981402,73173,barcelona
10669,41.38045998230704,2.126520184042842,96816,barcelona
10670,41.39782501408574,2.1548230682126785,45566,barcelona
10671,41.37350888800144,2.1168114468182484,32019,barcelona
10672,41.40330901221748,2.116152731317128,85434,barcelona
10673,41.40869996839049,2.1216335053061495,34867,barcelona
10674,41.39780065062665,2.117099197302202,81232,barcelona
10675,41.4073711672126,2.1438321019576128,45295,barcelona
10676,41.36916423935928,2.101616770898247,54922,barcelona
10677,41.40936524285743,2.134494719423411,34201,barcelona
10678,41.362020989109105,2.1095306867858836,44595,barcelona
10679,41.3797607030081,2.1518553570947683,36541,barcelona
10680,41.38992731914905,2.1479538606221356,71703,barcelona
10681,41.36752432324531,2.110893415659806,12071,barcelona
10682,41.36872214136152,2.129384631346861,33031,barcelona
10683,41.36743381628485,2.1523014921452264,52930,barcelona
10684,41.360661851609834,2.1154558703353747,73084,barcelona
10685,41.360077037086754,2.1417753398273245,42084,barcelona
10686,41.36206345594704,2.124709085370175,86620,barcelona
10687,41.381281962163115,2.1129972687355933,52879,barcelona
10688,41.40821984499009,2.1269137328438195,22418,barcelona
10689,41.369134316620304,2.132950567944137,96083,barcelona
10690,41.39725191289912,2.1277430492786706,61966,barcelona
10691,41.37698316361472,2.1083087108945135,9170,barcelona
10692,41.39255460969377,2.1182286778635806,16905,barcelona
10693,41.39205582806701,2.139816481771576,21026,barcelona
10694,41.371155131008564,2.1457920132930073,87908,barcelona
10695,41.39751266329077,2.1261746755613515,17639,barcelona
10696,41.38270391513409,2.1288350425255533,57643,barcelona
10697,41.3687822343554,2.152480423892689,92438,barcelona
10698,41.372750711464036,2.112597187742344,41390,barcelona
10699,41.396281503783825,2.136534650588628,94395,barcelona
10700,41.37954871324313,2.140245173685222,56417,barcelona
10701,41.379329172855805,2.1151685529006565,17415,barcelona
10702,41.39673426515449,2.1244407375733574,20694,barcelona
10703,41.40867756555946,2.1306588642327813,13420,barcelona
10704,41.37211687520105,2.135445194527814,52930,barcelona
10705,41.370330937590296,2.1233934786093145,20775,barcelona
10706,41.381220468223766,2.106231892254319,31257,barcelona
10707,41.395896740886336,2.142670000031985,15119,barcelona
10708,41.40258361373682,2.1580207195489933,31719,barcelona
10709,41.377536176779024,2.1561899460920997,61334,barcelona
10710,41.37816473200008,2.1399690638707414,40560,barcelona
10711,41.376814648625746,2.1310408824313485,95642,barcelona
10712,41.380308921815924,2.155453351823919,66005,barcelona
10713,41.363015380346454,2.1332328389498003,31441,barcelona
10714,41.36644224422161,2.114765271008736,79216,barcelona
10715,41.3859262515149,2.1121734754634405,28383,barcelona
10716,41.40417608420841,2.157915570140247,92537,barcelona
10717,41.36816696344277,2.1346442021838588,32226,barcelona
10718,41.39640314682616,2.119417384735003,76637,barcelona
10719,41.37089536604076,2.1188916336235777,37425,barcelona
10720,41.40174829259847,2.1286670453380885,27297,barcelona
10721,41.365033783179975,2.1283561960134545,23377,barcelona
10722,41.37827391919633,2.15096023782672,34134,barcelona
10723,41.38945485561671,2.118099304988399,72420,barcelona
10724,41.38353475019147,2.148530676517914,54722,barcelona
10725,41.37829432838639,2.1497520250044784,19878,barcelona
10726,41.4085273877882,2.1373556307538806,36923,barcelona
10727,41.386619245385255,2.119087856907967,66632,barcelona
10728,41.38013974706652,2.1527528693325513,46856,barcelona
10729,41.36206229759436,2.1446925753711783,88538,barcelona
10730,41.37399535792033,2.1074790079498653,24432,barcelona
10731,41.39332770490681,2.158754957117204,23092,barcelona
10732,41.36092647935208,2.1048963137928824,8306,barcelona
10733,41.37040208102144,2.1215049176796397,44816,barcelona
10734,41.361135829222654,2.153259826834996,31754,barcelona
10735,41.3626745085287,2.137442473792915,39204,barcelona
10736,41.38160665500654,2.155345758995288,35441,barcelona
10737,41.374372634449934,2.1495663282763666,89822,barcelona
10738,41.37181936097392,2.1302253766981143,15309,barcelona
10739,41.39635141494254,2.1300723619708757,30510,barcelona
10740,41.37021112631608,2.1236610948435604,57406,barcelona
10741,41.369994809054106,2.1092052472917584,81326,barcelona
10742,41.39454300254681,2.102301196505274,91131,barcelona
10743,41.372478484376025,2.1242759097136594,12320,barcelona
10744,41.36714976117576,2.1147706452247337,4538,barcelona
10745,41.36656396146599,2.1065959316452125,41321,barcelona
10746,41.40723294378412,2.1280048072948037,38188,barcelona
10747,41.370712143917714,2.1123729850859796,88720,barcelona
10748,41.393971070533944,2.1117810374384423,11321,barcelona
10749,41.38369464531428,2.143013610780633,88494,barcelona
10750,41.38872231712282,2.1290171124756974,49121,barcelona
10751,41.3808156594527,2.1103176858018124,82021,barcelona
10752,41.36665815164484,2.116484157574931,67021,barcelona
10753,41.376532845097096,2.154225202791047,83529,barcelona
10754,41.367221023086934,2.15715934361621,25466,barcelona
10755,41.40183717663632,2.1387359377442237,72130,barcelona
10756,41.380650832319,2.1180926615590066,3903,barcelona
10757,41.36148908730136,2.141504401867148,93459,barcelona
10758,41.40252149163451,2.142580128662214,68301,barcelona
10759,41.37152728075836,2.1423061770652727,46002,barcelona
10760,41.40529612977169,2.1156118599724976,27842,barcelona
10761,41.3756193920888,2.1485606006066083,16843,barcelona
10762,41.38336683397642,2.1009941260045557,24515,barcelona
10763,41.40798530003131,2.1137608835586974,74440,barcelona
10764,41.40339592370887,2.101502618942342,82719,barcelona
10765,41.3709393471979,2.1455138873052495,49848,barcelona
10766,41.395239037887556,2.1452013956981357,22830,barcelona
10767,41.38242067279203,2.1136154147363526,42674,barcelona
10768,41.364523399078536,2.1305190413273865,23437,barcelona
10769,41.385625539778495,2.137317500312453,12323,barcelona
10770,41.37634358814266,2.102875781567714,48889,barcelona
10771,41.40326476715857,2.1005831637789827,63110,barcelona
10772,41.39727694051472,2.1001237343722834,42421,barcelona
10773,41.37826330172055,2.1071769207070217,16386,barcelona
10774,41.39744825168352,2.1580887504816935,80655,barcelona
10775,41.38533859176374,2.1250615446877186,54227,barcelona
10776,41.3796702108542,2.1386842036006266,70439,barcelona
10777,41.37266234184165,2.1582758998585994,11991,barcelona
10778,41.40053866010083,2.1439496413527417,96380,barcelona
10779,41.39849170934287,2.1406895414876055,90075,barcelona
10780,41.39978576364728,2.1249737242362574,58531,barcelona
10781,41.36881485079793,2.1532460557057673,73369,barcelona
10782,41.390207041727784,2.123220288122902,44876,barcelona
10783,41.376938431733926,2.1500934299407186,48866,barcelona
10784,41.40605220683465,2.1593897815836134,52967,barcelona
10785,41.37712863307124,2.1471764555728474,44547,barcelona
10786,41.3924389306171,2.1018868086639113,55846,barcelona
10787,41.37011803307071,2.1234428734866064,19856,barcelona
10788,41.404820238381724,2.1300773274058007,34210,barcelona
10789,41.40074831311296,2.153929806421644,61661,barcelona
10790,41.4014277582203,2.1035924420696466,5700,barcelona
10791,41.39261912340094,2.129051405910013,12044,barcelona
10792,41.39871687066239,2.139164748884402,49191,barcelona
10793,41.39609455074381,2.1502387991600704,8243,barcelona
10794,41.40281154177575,2.125453802847392,15958,barcelona
10795,41.40882722780521,2.1243717174179504,71194,barcelona
10796,41.384695411146865,2.113697648330485,84145,barcelona
10797,41.375926281856394,2.127736734466944,56943,barcelona
10798,41.39257469234235,2.1515072024303996,49561,barcelona
10799,41.36499824726887,2.1431159203843255,15073,barcelona
10800,41.36009413318378,2.1448420001807342,59194,barcelona
10801,41.362594707889215,2.1300730420449474,60265,barcelona
10802,41.3927404022226,2.1396246057148596,45239,barcelona
10803,41.39068157154773,2.108947386510471,60118,barcelona
10804,41.386917951903456,2.132097338958882,42184,barcelona
10805,41.40511222993374,2.141591124811569,83216,barcelona
10806,41.374293170439074,2.1043499333460254,48468,barcelona
10807,41.39156336974541,2.1300118793799547,91043,barcelona
10808,41.3839590163076,2.102367943264705,48945,barcelona
10809,41.39373113883017,2.11279450812129,69075,barcelona
10810,41.384036160970616,2.1221395225544337,25142,barcelona
10811,41.36801384626917,2.150856389304639,69062,barcelona
10812,41.36156510026487,2.152540864838146,24150,barcelona
10813,41.407243729899,2.100028108214759,91719,barcelona
10814,41.39874614105692,2.1245990597637388,55048,barcelona
10815,41.40670349122174,2.1533658360596037,56056,barcelona
10816,41.371583875009975,2.135110067350705,39293,barcelona
10817,41.36500590357873,2.144813864559839,26515,barcelona
10818,41.3960108323037,2.135271074246993,41506,barcelona
10819,41.395551034220425,2.125652072535371,11161,barcelona
10820,41.37219725771821,2.131993093197719,54951,barcelona
10821,41.39207864321574,2.1573924034363383,27835,barcelona
10822,41.36989999438182,2.1526908091759624,87525,barcelona
10823,41.37009497505002,2.139663652912187,50249,barcelona
10824,41.40535297181948,2.1301963170605034,8176,barcelona
10825,41.38899367392554,2.1057681230795278,23123,barcelona
10826,41.37984030393011,2.155029879757202,45118,barcelona
10827,41.39903787591319,2.1088328673271244,70720,barcelona
10828,41.36409396861769,2.110621153083898,55639,barcelona
10829,41.38447267396911,2.1059025965355773,72307,barcelona
10830,41.396375274172456,2.11456607265345,7913,barcelona
10831,41.3829845148184,2.1012338761211393,92051,barcelona
10832,41.403098822867214,2.1060356009657326,57005,barcelona
10833,41.37172806253275,2.135064911863415,13091,barcelona
10834,41.37497606347003,2.1119432685968578,69671,barcelona
10835,41.38673714973151,2.137167208708195,20591,barcelona
10836,41.39928704235725,2.106502152353337,65848,barcelona
10837,41.391974850072344,2.1331259334504242,18769,barcelona
10838,41.39839503920555,2.1030454261019944,24900,barcelona
10839,41.401717419127166,2.10438200108842,8375,barcelona
10840,41.39338607745198,2.154739449653176,12921,barcelona
10841,41.36654322366777,2.140587347707345,57735,barcelona
10842,41.37069705220905,2.110623626438133,12554,barcelona
10843,41.37924544685288,2.1555339417432866,73656,barcelona
10844,41.402053129558126,2.141548317128974,17682,barcelona
10845,41.361789248861825,2.1261033188861456,50700,barcelona
10846,41.38443282649677,2.134412661925452,67070,barcelona
10847,41.391239956454505,2.1456008113817164,5115,barcelona
10848,41.373522881842945,2.1546272639327397,43079,barcelona
10849,41.382907962834594,2.141336104354437,68473,barcelona
10850,41.387696311958415,2.112782193220661,36885,barcelona
10851,41.39724375758746,2.100891511883985,29681,barcelona
10852,41.4051694834181,2.12578244555615,17804,barcelona
10853,41.370360172693616,2.120750126489403,98010,barcelona
10854,41.36676018764557,2.1595965943871636,53200,barcelona
10855,41.375259807112194,2.1377580796660838,78139,barcelona
10856,41.384228622777115,2.143249356576127,49986,barcelona
10857,41.40996584547835,2.111764612311088,7502,barcelona
10858,41.39544527729905,2.1447827381500093,4256,barcelona
10859,41.386865340912664,2.1173334189362536,28016,barcelona
10860,41.36903841641467,2.1474614202928555,29028,barcelona
10861,41.36443246572167,2.142178635947291,1718,barcelona
10862,41.3736202888088,2.1127775271847886,53273,barcelona
10863,41.38010972086695,2.1117276638481033,69659,barcelona
10864,41.363354927296555,2.119483793571086,15451,barcelona
10865,41.391197977750096,2.143145355928143,9091,barcelona
10866,41.36253673106498,2.1368449249654184,85163,barcelona
10867,41.37519371528626,2.13148215137283,24631,barcelona
10868,41.37008215229364,2.1066507648495882,87914,barcelona
10869,41.40900817869548,2.1146700381970955,16638,barcelona
10870,41.37372566877928,2.1406580308831376,21741,barcelona
10871,41.377082328732214,2.12115664170416,73837,barcelona
10872,41.392032383136026,2.1120613739940666,81229,barcelona
10873,41.39337132180534,2.123157511361155,88389,barcelona
10874,41.40073353078162,2.109345658845138,72820,barcelona
10875,41.37782549059519,2.1095968826506315,64708,barcelona
10876,41.40997848889359,2.1127821922639756,34158,barcelona
10877,41.38308038686987,2.1385908195118275,41561,barcelona
10878,41.39056594775021,2.1267133540561645,44052,barcelona
10879,41.408633518420594,2.1040410917310592,7661,barcelona
10880,41.370227111594126,2.101208936415135,51064,barcelona
10881,41.36822162499402,2.1330442251273465,4781,barcelona
10882,41.368171135172766,2.119505153570178,58140,barcelona
10883,41.40931954352445,2.1174003443685883,91942,barcelona
10884,41.4032779142751,2.12767721341607,2363,barcelona
10885,41.39081716337977,2.1275253119647517,48717,barcelona
10886,41.40681096134573,2.1575523791807245,22629,barcelona
10887,41.36764337060763,2.1319019257933287,24076,barcelona
10888,41.37888614943937,2.1449846026431296,51831,barcelona
10889,41.386137902840716,2.113698297307628,62714,barcelona
10890,41.36570843017254,2.152164335785923,32325,barcelona
10891,41.40290586680471,2.1505567471344706,90358,barcelona
10892,41.36898463783667,2.139584891144748,21544,barcelona
10893,41.38000722716599,2.114223755618133,31661,barcelona
10894,41.37771971409683,2.122734714241996,89151,barcelona
10895,41.369610107042874,2.1423420272847182,33545,barcelona
10896,41.36610189589156,2.1594895146714594,47663,barcelona
10897,41.40396172999321,2.1332641743335357,33864,barcelona
10898,41.40049668328244,2.1470513872506065,79321,barcelona
10899,41.37212655677418,2.136164716441862,94266,barcelona
10900,41.386237297690734,2.1415955651342338,48183,barcelona
10901,41.363074961016245,2.1044779444896577,31701,barcelona
10902,41.40010144999472,2.1212658264247644,32644,barcelona
10903,41.36782925242003,2.130921033625855,88444,barcelona
10904,41.407008115191466,2.126248724476387,34626,barcelona
10905,41.3863729262875,2.146056177638111,59576,barcelona
10906,41.39012723976851,2.1114504265061895,40334,barcelona
10907,41.392780016159676,2.135363516937579,14720,barcelona
10908,41.382878028695885,2.1504206876854717,3301,barcelona
10909,41.39452636408779,2.113754576467035,63342,barcelona
10910,41.38080638781314,2.1167071631062524,15009,barcelona
10911,41.40114007872521,2.128993444948841,66429,barcelona
10912,41.407709413227174,2.1104981395277185,69949,barcelona
10913,41.37800131580045,2.128426514568607,83025,barcelona
10914,41.36185438955788,2.1143927905327424,54924,barcelona
10915,41.39229902659255,2.127852194434002,93223,barcelona
10916,41.3787330080515,2.1264122476694487,69712,barcelona
10917,41.365029324264874,2.1318501996893917,87739,barcelona
10918,41.3752754178029,2.141312400362504,45548,barcelona
10919,41.3744693612727,2.124803156898064,70430,barcelona
10920,41.40039833566918,2.1502827602044388,20196,barcelona
10921,41.37217433882286,2.142653959134118,72586,barcelona
10922,41.36255267045504,2.106926536156561,3682,barcelona
10923,41.37893565736159,2.1135927947858697,80820,barcelona
10924,41.406467459195134,2.143291128026884,84451,barcelona
10925,41.36119723491315,2.1158911244707834,58087,barcelona
10926,41.36064853483679,2.117378871179058,32695,barcelona
10927,41.36624935804398,2.1240380365114273,80911,barcelona
10928,41.37465813168755,2.113838200295401,1190,barcelona
10929,41.395832421923146,2.159686090426119,30781,barcelona
10930,41.38192625201464,2.134846078430819,60137,barcelona
10931,41.36667526932591,2.1325507319980486,42907,barcelona
10932,41.36142542853718,2.124679634302077,90756,barcelona
10933,41.38547672485615,2.1072189447916014,54015,barcelona
10934,41.37253919288214,2.1515837982789305,6796,barcelona
10935,41.40148145865984,2.123636938974346,51165,barcelona
10936,41.37586502930931,2.117748793968352,1092,barcelona
10937,41.40814325127342,2.142986781620529,15579,barcelona
10938,41.3612519303387,2.1148827989358177,8078,barcelona
10939,41.37307581009329,2.108351316416227,53810,barcelona
10940,41.391541956103076,2.155367428872113,93442,barcelona
10941,41.3820501718624,2.1520551448259435,12710,barcelona
10942,41.38316186877007,2.1593265246812168,18441,barcelona
10943,41.385201097378,2.141258421273645,56170,barcelona
10944,41.40023593193503,2.1187306824484957,68515,barcelona
10945,41.366962950361064,2.137345221287591,95265,barcelona
10946,41.3766386538247,2.119133966613794,90824,barcelona
10947,41.395374004469765,2.1444094903418582,6247,barcelona
10948,41.37706639725573,2.134193256378227,4541,barcelona
10949,41.40615313665638,2.1242350904196488,36788,barcelona
10950,41.40616184716076,2.1443196081861085,92006,barcelona
10951,41.39319812080956,2.147225902551702,52731,barcelona
10952,41.39929008260903,2.127302393443978,92829,barcelona
10953,41.379779099812055,2.1586931863463983,79714,barcelona
10954,41.39345185859801,2.1493354020427575,61424,barcelona
10955,41.361448248976565,2.153773259173868,49041,barcelona
10956,41.3980812225581,2.1085868974544155,90371,barcelona
10957,41.373388492108916,2.147380442007919,69412,barcelona
10958,41.38155100300797,2.102982282047203,48248,barcelona
10959,41.38704840481986,2.1536986087586287,77036,barcelona
10960,41.37947814750385,2.1254350251127265,24884,barcelona
10961,41.38725807087351,2.1351465731732784,27486,barcelona
10962,41.39573276192831,2.1199737310795186,72869,barcelona
10963,41.39591820677397,2.123646611517164,32742,barcelona
10964,41.40798562538099,2.1326147308590024,98683,barcelona
10965,41.40747977394959,2.106561216497878,98121,barcelona
10966,41.362094299512464,2.1463649652114167,56377,barcelona
10967,41.37861022905754,2.107052030121171,39089,barcelona
10968,41.373226980432406,2.139032658488546,42856,barcelona
10969,41.37396636280908,2.11936356856433,60400,barcelona
10970,41.366421439218435,2.122103162402821,42866,barcelona
10971,41.38953624057171,2.1282895009477447,45643,barcelona
10972,41.36790193073918,2.1009433273772236,87261,barcelona
10973,41.388812184982065,2.108773611270415,93846,barcelona
10974,41.3883131287398,2.1118072582309537,24502,barcelona
10975,41.37614783183258,2.130129399351659,3255,barcelona
10976,41.40133987408364,2.11789788561011,14110,barcelona
10977,41.39941297525574,2.115477735774714,42777,barcelona
10978,41.37380936538045,2.14995823803444,75604,barcelona
10979,41.3635245181856,2.1059430836848048,60361,barcelona
10980,41.374297689535744,2.150141388734413,97354,barcelona
10981,41.37547619792607,2.1149675457188146,64583,barcelona
10982,41.360768974159086,2.1111972455277366,42373,barcelona
10983,41.37104464840494,2.1288949849324244,17546,barcelona
10984,41.362161044345406,2.103874965611714,71582,barcelona
10985,41.36353485195104,2.1434940997427656,99934,barcelona
10986,41.405396766587124,2.1454851406579496,49827,barcelona
10987,41.38394729033246,2.118628077239001,28491,barcelona
10988,41.3660420373437,2.142315056684637,60661,barcelona
10989,41.37047987107195,2.133301426590912,47970,barcelona
10990,41.398644485479316,2.1220041650837564,36724,barcelona
10991,41.38754428563765,2.119599004331481,11031,barcelona
10992,41.386970906817226,2.153877032980346,21307,barcelona
10993,41.361155417858846,2.145099131609178,12245,barcelona
10994,41.3668474931084,2.149796670390075,29858,barcelona
10995,41.37593565212915,2.1592065525528175,79252,barcelona
10996,41.3766948490355,2.129156153202771,22244,barcelona
10997,41.371771835918494,2.1180330397647187,73130,barcelona
10998,41.40718336690272,2.143870699286427,50567,barcelona
10999,41.3995261016068,2.1158042055897504,4619,barcelona
